{
  "model_training_data": "{\"10\": {\"epochs\": 10, \"num_epochs\": 100, \"loss\": 0.7480983734130859}, \"20\": {\"epochs\": 20, \"num_epochs\": 100, \"loss\": 0.5862807631492615}, \"30\": {\"epochs\": 30, \"num_epochs\": 100, \"loss\": 0.48553815484046936}, \"40\": {\"epochs\": 40, \"num_epochs\": 100, \"loss\": 0.4178829491138458}, \"50\": {\"epochs\": 50, \"num_epochs\": 100, \"loss\": 0.37001246213912964}, \"60\": {\"epochs\": 60, \"num_epochs\": 100, \"loss\": 0.33402711153030396}, \"70\": {\"epochs\": 70, \"num_epochs\": 100, \"loss\": 0.3050079047679901}, \"80\": {\"epochs\": 80, \"num_epochs\": 100, \"loss\": 0.2798691689968109}, \"90\": {\"epochs\": 90, \"num_epochs\": 100, \"loss\": 0.2579217255115509}, \"100\": {\"epochs\": 100, \"num_epochs\": 100, \"loss\": 0.23832519352436066}}"
}