{
  "model_training_data": "{\"10\": {\"epochs\": 10, \"num_epochs\": 100, \"loss\": 0.6387298107147217}, \"20\": {\"epochs\": 20, \"num_epochs\": 100, \"loss\": 0.5316872000694275}, \"30\": {\"epochs\": 30, \"num_epochs\": 100, \"loss\": 0.46795427799224854}, \"40\": {\"epochs\": 40, \"num_epochs\": 100, \"loss\": 0.42227038741111755}, \"50\": {\"epochs\": 50, \"num_epochs\": 100, \"loss\": 0.38531360030174255}, \"60\": {\"epochs\": 60, \"num_epochs\": 100, \"loss\": 0.3534448742866516}, \"70\": {\"epochs\": 70, \"num_epochs\": 100, \"loss\": 0.3251659572124481}, \"80\": {\"epochs\": 80, \"num_epochs\": 100, \"loss\": 0.29959240555763245}, \"90\": {\"epochs\": 90, \"num_epochs\": 100, \"loss\": 0.27591559290885925}, \"100\": {\"epochs\": 100, \"num_epochs\": 100, \"loss\": 0.2544559836387634}}"
}