{
  "model_training_data": "{\"10\": {\"epochs\": 10, \"num_epochs\": 100, \"loss\": 0.8815774321556091}, \"20\": {\"epochs\": 20, \"num_epochs\": 100, \"loss\": 0.6819451451301575}, \"30\": {\"epochs\": 30, \"num_epochs\": 100, \"loss\": 0.5536477565765381}, \"40\": {\"epochs\": 40, \"num_epochs\": 100, \"loss\": 0.47119197249412537}, \"50\": {\"epochs\": 50, \"num_epochs\": 100, \"loss\": 0.41510534286499023}, \"60\": {\"epochs\": 60, \"num_epochs\": 100, \"loss\": 0.3742430806159973}, \"70\": {\"epochs\": 70, \"num_epochs\": 100, \"loss\": 0.3430109918117523}, \"80\": {\"epochs\": 80, \"num_epochs\": 100, \"loss\": 0.3176369369029999}, \"90\": {\"epochs\": 90, \"num_epochs\": 100, \"loss\": 0.29631027579307556}, \"100\": {\"epochs\": 100, \"num_epochs\": 100, \"loss\": 0.2775549292564392}}"
}
