{
  "SimpleCNN": {
    "model_architecure": "OrderedDict([('fc1.weight', tensor([[-0.9148, -0.1527, -0.9383, -0.9038],\n        [-0.0263, -0.8437,  1.3550,  1.3270],\n        [-1.5191, -1.3095, -0.1772, -0.0077],\n        [ 0.1543, -0.6489, -0.6638, -0.4734],\n        [-0.5299,  1.0204, -0.3638, -0.4638],\n        [ 0.5413, -1.1207,  1.0929,  1.2490],\n        [-0.1336,  0.1850, -0.9312, -0.5127],\n        [ 1.2461, -0.5998, -0.0556,  0.1649],\n        [ 1.0540,  0.3305,  0.6761, -0.5060],\n        [-1.4680,  1.3360, -1.0145, -1.3915],\n        [ 1.3634, -0.5716, -0.2387, -0.3493],\n        [-1.6541, -2.2912, -0.0140, -0.4715],\n        [ 0.2657, -1.1323,  1.8295,  1.5342],\n        [ 0.8432,  0.4538,  0.6021,  0.4137],\n        [-1.7009,  1.4207, -1.2367, -1.5973],\n        [ 0.3890, -1.0413,  2.1186,  1.1985]])), ('fc1.bias', tensor([-0.2339, -0.9047, -0.5890, -0.9803, -0.9005, -0.8351,  2.0505,  1.9791,\n        -1.3579,  1.1117,  2.3188, -0.0100, -0.1691, -0.5218,  0.7967, -0.6051])), ('fc2.weight', tensor([[ 6.3050e-01, -4.5909e-01, -5.5954e-01,  4.1195e-01, -4.0073e-01,\n         -8.2423e-02,  9.3175e-01, -1.0984e+00,  4.8197e-01,  1.2220e+00,\n         -1.0483e+00, -6.9023e-01, -1.4114e+00, -6.7751e-01,  1.1442e+00,\n         -1.1897e+00],\n        [-6.2905e-01, -1.1822e+00, -8.4052e-01, -1.6631e-01, -8.8027e-01,\n         -8.2885e-01, -4.6115e-01,  1.5776e+00, -2.8223e+00, -1.0931e+00,\n          1.8076e+00,  1.3671e+00, -7.9672e-01,  3.0322e-01, -1.2449e+00,\n         -6.4134e-01],\n        [-6.8951e-01,  9.2380e-01,  1.0907e+00, -2.7412e-01,  5.4190e-01,\n          7.4862e-01, -1.0526e+00, -4.7870e-01,  2.1003e-03, -1.5522e+00,\n         -3.5688e-01, -9.3595e-01,  1.4734e+00,  9.2785e-01, -1.2437e+00,\n          1.3911e+00]])), ('fc2.bias', tensor([-0.5599,  1.6745, -0.7818]))])",
    "model_optimizer": null,
    "model_training_data": {
      "10": {
        "epochs": 10,
        "num_epochs": 100,
        "loss": 0.1387406289577484
      },
      "20": {
        "epochs": 20,
        "num_epochs": 100,
        "loss": 0.0520695336163044
      },
      "30": {
        "epochs": 30,
        "num_epochs": 100,
        "loss": 0.04820215329527855
      },
      "40": {
        "epochs": 40,
        "num_epochs": 100,
        "loss": 0.04655884951353073
      },
      "50": {
        "epochs": 50,
        "num_epochs": 100,
        "loss": 0.045373059809207916
      },
      "60": {
        "epochs": 60,
        "num_epochs": 100,
        "loss": 0.043842658400535583
      },
      "70": {
        "epochs": 70,
        "num_epochs": 100,
        "loss": 0.04186077415943146
      },
      "80": {
        "epochs": 80,
        "num_epochs": 100,
        "loss": 0.03926011174917221
      },
      "90": {
        "epochs": 90,
        "num_epochs": 100,
        "loss": 0.03607010096311569
      },
      "100": {
        "epochs": 100,
        "num_epochs": 100,
        "loss": 0.03178390860557556
      }
    }
  }
}
